timesteps,wall_time,num_episodes,max_episode_rewards,mean_episode_rewards,min_episode_rewards,max_episode_len,mean_episode_len,min_episode_len,loss_pi_loss,loss_v_loss,loss_entropy_loss
16384.0,34.681682109832764,177.0,4.0,0.949999988079071,0.0,125.0,66.125,29.0,-0.0009914265247061849,0.5984109664956728,2.707707107067108
32768.0,42.04078030586243,390.0,6.0,1.149999976158142,0.0,150.0,77.15,29.0,-0.0009914265247061849,0.2064120111366113,2.705594092607498
49152.0,49.32220411300659,593.0,8.0,1.524999976158142,0.0,153.0,85.3,47.0,-0.001953562731311346,0.20118576474487782,2.6971916556358337
65536.0,56.57540035247803,791.0,7.0,1.6749999523162842,0.0,152.0,78.1,35.0,-0.0026880885901240013,0.1958287755648295,2.680922736724218
81920.0,63.878445863723755,985.0,11.0,2.5999999046325684,0.0,187.0,95.225,19.0,-0.0028863594634458423,0.1799735240638256,2.653002838293711
98304.0,71.16051506996155,1169.0,12.0,2.825000047683716,0.0,177.0,94.55,36.0,-0.0028863594634458423,0.1799735240638256,2.6309165954589844
114688.0,78.47839879989624,1357.0,12.0,2.5250000953674316,0.0,163.0,90.5,50.0,-0.0033977534233902893,0.1799735240638256,2.608970900376638
131072.0,85.79396557807922,1539.0,9.0,2.5250000953674316,0.0,240.0,93.225,43.0,-0.00366222407319583,0.1799735240638256,2.590103030204773
147456.0,93.09852623939514,1712.0,21.0,2.924999952316284,0.0,282.0,92.35,37.0,-0.00366222407319583,0.1799735240638256,2.56427001953125
163840.0,100.36810374259949,1889.0,15.0,2.4749999046325684,0.0,211.0,89.3,45.0,-0.00366222407319583,0.1799735240638256,2.54198424021403
180224.0,107.66830444335938,2059.0,7.0,1.975000023841858,0.0,125.0,83.7,52.0,-0.0038313229645912847,0.1799735240638256,2.504067212343216
196608.0,114.95716285705566,2240.0,10.0,2.799999952316284,0.0,146.0,82.475,38.0,-0.0038313229645912847,0.1799735240638256,2.4802250365416207
212992.0,122.27008819580078,2407.0,15.0,3.6500000953674316,0.0,217.0,98.775,43.0,-0.004774215378953765,0.1799735240638256,2.4429421524206796
229376.0,129.6103801727295,2569.0,16.0,3.7750000953674316,0.0,262.0,106.55,29.0,-0.0048977505454483134,0.1799735240638256,2.442674368619919
245760.0,136.9299943447113,2750.0,14.0,2.700000047683716,0.0,228.0,93.6,39.0,-0.005333451379556209,0.1799735240638256,2.442674368619919
262144.0,144.21733140945435,2915.0,14.0,3.5999999046325684,0.0,258.0,96.5,47.0,-0.005908788831826921,0.1799735240638256,2.442674368619919
278528.0,151.52709531784058,3076.0,12.0,3.575000047683716,0.0,216.0,104.95,59.0,-0.005908788831826921,0.1799735240638256,2.442674368619919
294912.0,158.82880401611328,3237.0,9.0,3.75,0.0,191.0,100.5,23.0,-0.00798074530515199,0.1799735240638256,2.4245275954405465
311296.0,166.14487266540527,3406.0,14.0,3.075000047683716,0.0,243.0,98.15,32.0,-0.008804258938956385,0.1799735240638256,2.4044847885767617
327680.0,173.50417733192444,3559.0,20.0,4.300000190734863,0.0,205.0,104.475,40.0,-0.008804258938956385,0.1799735240638256,2.4044847885767617
344064.0,180.79636240005493,3712.0,12.0,4.650000095367432,0.0,240.0,111.0,70.0,-0.008804258938956385,0.1799735240638256,2.398535360892614
360448.0,188.16256141662598,3855.0,22.0,4.625,0.0,273.0,107.9,50.0,-0.008804258938956385,0.1799735240638256,2.3888905743757882
376832.0,195.39783096313477,4000.0,14.0,5.324999809265137,0.0,250.0,122.8,60.0,-0.008804258938956385,0.1799735240638256,2.3524069786071777
393216.0,202.6829776763916,4148.0,15.0,4.599999904632568,0.0,229.0,107.875,38.0,-0.00893353993888013,0.1799735240638256,2.3386029799779258
409600.0,209.96448636054993,4294.0,13.0,3.950000047683716,0.0,202.0,104.475,43.0,-0.00893353993888013,0.1799735240638256,2.3137043913205466
425984.0,217.27993726730347,4429.0,17.0,6.199999809265137,0.0,292.0,119.55,49.0,-0.00893353993888013,0.1799735240638256,2.304724305868149
442368.0,224.52040076255798,4563.0,21.0,5.525000095367432,0.0,222.0,121.475,53.0,-0.00893353993888013,0.1799735240638256,2.298988332351049
458752.0,231.7868959903717,4704.0,21.0,6.349999904632568,0.0,226.0,121.3,51.0,-0.00893353993888013,0.1799735240638256,2.2471642990907035
475136.0,239.03287053108215,4842.0,14.0,6.275000095367432,0.0,237.0,117.225,48.0,-0.00893353993888013,0.1799735240638256,2.2360798915227256
491520.0,246.32787084579468,4976.0,17.0,5.025000095367432,0.0,259.0,110.4,46.0,-0.00893353993888013,0.1799735240638256,2.2360798915227256
507904.0,253.57277822494507,5108.0,29.0,6.324999809265137,0.0,343.0,122.4,59.0,-0.00893353993888013,0.1799735240638256,2.2360798915227256
524288.0,260.849240064621,5227.0,30.0,8.949999809265137,0.0,329.0,150.275,46.0,-0.00893353993888013,0.1799735240638256,2.2360798915227256
540672.0,268.0992579460144,5354.0,17.0,6.175000190734863,0.0,192.0,119.825,54.0,-0.00893353993888013,0.1799735240638256,2.2360798915227256
557056.0,275.37603783607483,5482.0,23.0,5.775000095367432,0.0,365.0,123.125,51.0,-0.009185314605322977,0.1799735240638256,2.1922268768151603
573440.0,282.6750066280365,5607.0,23.0,5.5,0.0,298.0,113.75,47.0,-0.009896770003251731,0.1799735240638256,2.1683778762817383
589824.0,290.00182032585144,5715.0,27.0,8.949999809265137,0.0,298.0,136.225,53.0,-0.009896770003251731,0.1799735240638256,2.155134290456772
606208.0,297.25625705718994,5838.0,30.0,8.774999618530273,1.0,388.0,150.825,43.0,-0.009896770003251731,0.1799735240638256,2.143234590689341
622592.0,304.56283044815063,5951.0,21.0,5.824999809265137,0.0,265.0,126.9,56.0,-0.009896770003251731,0.1799735240638256,2.122644533713659
638976.0,311.8563446998596,6075.0,30.0,8.649999618530273,1.0,315.0,148.125,60.0,-0.009896770003251731,0.1799735240638256,2.122644533713659
655360.0,319.1551263332367,6186.0,29.0,8.5,1.0,354.0,138.125,50.0,-0.009896770003251731,0.1799735240638256,2.122644533713659
671744.0,326.4455728530884,6294.0,37.0,8.149999618530273,0.0,315.0,133.75,70.0,-0.009896770003251731,0.1799735240638256,2.120989422003428
688128.0,333.7252016067505,6394.0,50.0,10.475000381469727,1.0,575.0,165.825,65.0,-0.009896770003251731,0.1799735240638256,2.120989422003428
704512.0,340.9665367603302,6509.0,31.0,9.375,1.0,417.0,144.6,58.0,-0.009896770003251731,0.1799735240638256,2.120989422003428
720896.0,348.242404460907,6617.0,30.0,9.350000381469727,0.0,315.0,144.975,59.0,-0.009896770003251731,0.1799735240638256,2.120989422003428
737280.0,355.48881363868713,6723.0,46.0,10.800000190734863,0.0,465.0,153.1,60.0,-0.009896770003251731,0.1799735240638256,2.120989422003428
753664.0,362.7756311893463,6832.0,43.0,8.725000381469727,1.0,402.0,129.575,46.0,-0.009896770003251731,0.1799735240638256,2.120989422003428
770048.0,370.04577231407166,6941.0,31.0,10.350000381469727,0.0,363.0,154.7,60.0,-0.009896770003251731,0.1799735240638256,2.120989422003428
786432.0,377.2939648628235,7042.0,27.0,10.774999618530273,3.0,459.0,156.15,61.0,-0.009896770003251731,0.1799735240638256,2.104894677797953
802816.0,384.5806534290314,7146.0,47.0,10.199999809265137,0.0,467.0,161.175,61.0,-0.009896770003251731,0.1799735240638256,2.104894677797953
819200.0,391.82999539375305,7243.0,37.0,12.975000381469727,1.0,539.0,177.775,68.0,-0.010980233045605322,0.1799735240638256,2.08119789759318
835584.0,399.11352491378784,7353.0,50.0,9.274999618530273,0.0,527.0,153.55,63.0,-0.010980233045605322,0.1799735240638256,2.08119789759318
851968.0,406.38414001464844,7448.0,32.0,11.375,1.0,398.0,163.6,60.0,-0.010980233045605322,0.1799735240638256,2.029915620883306
868352.0,413.68040227890015,7556.0,37.0,12.074999809265137,0.0,462.0,172.65,63.0,-0.010980233045605322,0.1799735240638256,2.029915620883306
884736.0,420.9350836277008,7657.0,53.0,11.625,3.0,517.0,154.4,65.0,-0.010980233045605322,0.1799735240638256,2.0104172776142755
901120.0,428.21724104881287,7748.0,39.0,10.875,0.0,405.0,153.925,53.0,-0.010980233045605322,0.1799735240638256,2.0098333408435187
917504.0,435.4811701774597,7847.0,28.0,10.324999809265137,1.0,327.0,156.625,62.0,-0.010980233045605322,0.1799735240638256,1.9827143798271816
933888.0,442.8079710006714,7931.0,46.0,14.225000381469727,1.0,456.0,190.125,58.0,-0.010980233045605322,0.1799735240638256,1.973699226975441
950272.0,450.0750527381897,8022.0,34.0,11.774999618530273,2.0,453.0,165.625,57.0,-0.010980233045605322,0.1799735240638256,1.973699226975441
966656.0,457.3759877681732,8110.0,36.0,12.975000381469727,0.0,531.0,186.375,51.0,-0.010980233045605322,0.1799735240638256,1.973699226975441
983040.0,464.624972820282,8209.0,26.0,13.574999809265137,3.0,348.0,177.225,81.0,-0.013048291303372631,0.1799735240638256,1.973699226975441
999424.0,471.9023690223694,8288.0,34.0,11.75,0.0,427.0,160.85,53.0,-0.013048291303372631,0.1799735240638256,1.9724744409322739
1015808.0,479.147008895874,8379.0,48.0,13.375,2.0,428.0,171.95,65.0,-0.013048291303372631,0.1799735240638256,1.9724744409322739
1032192.0,486.47296667099,8474.0,41.0,11.699999809265137,1.0,505.0,167.5,79.0,-0.013048291303372631,0.1799735240638256,1.9724744409322739
1048576.0,493.7777318954468,8549.0,57.0,15.050000190734863,1.0,572.0,203.0,56.0,-0.013048291303372631,0.1799735240638256,1.9651789367198944
1064960.0,501.0715425014496,8629.0,64.0,18.225000381469727,2.0,573.0,224.575,69.0,-0.013048291303372631,0.1799735240638256,1.9651789367198944
1081344.0,508.32104682922363,8711.0,54.0,17.325000762939453,1.0,573.0,223.25,57.0,-0.013048291303372631,0.1799735240638256,1.9651789367198944
1097728.0,515.6302464008331,8788.0,59.0,17.325000762939453,2.0,571.0,213.625,56.0,-0.013048291303372631,0.1799735240638256,1.9651789367198944
1114112.0,522.9194948673248,8863.0,57.0,15.699999809265137,0.0,551.0,194.075,56.0,-0.013048291303372631,0.1799735240638256,1.9651789367198944
1130496.0,530.2364308834076,8942.0,55.0,17.174999237060547,3.0,572.0,214.025,65.0,-0.013048291303372631,0.1799735240638256,1.9651789367198944
1146880.0,537.489187002182,9005.0,44.0,17.174999237060547,1.0,466.0,221.475,66.0,-0.013048291303372631,0.1799735240638256,1.9651789367198944
1163264.0,544.8271675109863,9084.0,57.0,19.875,1.0,574.0,246.475,67.0,-0.013048291303372631,0.1799735240638256,1.9651789367198944
1179648.0,552.0756931304932,9162.0,36.0,16.399999618530273,2.0,421.0,210.85,72.0,-0.013048291303372631,0.1799735240638256,1.9651789367198944
1196032.0,559.3534531593323,9244.0,60.0,16.424999237060547,1.0,571.0,213.65,60.0,-0.013048291303372631,0.1799735240638256,1.9651789367198944
1212416.0,566.6395118236542,9314.0,63.0,17.625,1.0,571.0,215.85,58.0,-0.014950609339090684,0.1799735240638256,1.9651789367198944
1228800.0,573.8933589458466,9384.0,71.0,20.0,0.0,576.0,235.35,66.0,-0.014950609339090684,0.1799735240638256,1.9651789367198944
1245184.0,581.1707029342651,9456.0,51.0,18.399999618530273,3.0,568.0,224.275,73.0,-0.014950609339090684,0.1799735240638256,1.9612439672152202
1261568.0,588.4298810958862,9519.0,63.0,23.299999237060547,1.0,572.0,272.675,77.0,-0.014950609339090684,0.1799735240638256,1.9575239717960358
1277952.0,595.7020366191864,9587.0,66.0,22.875,5.0,570.0,272.825,73.0,-0.014950609339090684,0.1799735240638256,1.9575239717960358
1294336.0,602.9552989006042,9655.0,67.0,21.674999237060547,6.0,574.0,251.575,81.0,-0.015303891113338372,0.1799735240638256,1.9575239717960358
1310720.0,610.2407622337341,9729.0,56.0,20.174999237060547,2.0,570.0,232.775,76.0,-0.015303891113338372,0.1799735240638256,1.9575239717960358
1327104.0,617.491792678833,9808.0,68.0,18.450000762939453,1.0,570.0,213.1,78.0,-0.015303891113338372,0.1799735240638256,1.9575239717960358
1343488.0,624.8123681545258,9875.0,59.0,20.475000381469727,2.0,576.0,244.1,59.0,-0.015303891113338372,0.1799735240638256,1.9575239717960358
1359872.0,632.0434381961823,9948.0,53.0,18.149999618530273,2.0,575.0,221.875,75.0,-0.015303891113338372,0.1799735240638256,1.9477517505486805
1376256.0,639.3114378452301,10012.0,64.0,20.424999237060547,4.0,575.0,246.75,85.0,-0.015303891113338372,0.1799735240638256,1.9386443893114726
1392640.0,646.5643017292023,10075.0,51.0,21.924999237060547,6.0,533.0,257.675,92.0,-0.015303891113338372,0.1799735240638256,1.9386443893114726
1409024.0,653.8780825138092,10134.0,61.0,24.575000762939453,4.0,573.0,288.15,98.0,-0.015303891113338372,0.1799735240638256,1.9386443893114726
1425408.0,661.1648588180542,10204.0,60.0,20.674999237060547,2.0,577.0,240.475,53.0,-0.015303891113338372,0.1799735240638256,1.9386443893114726
1441792.0,668.4308636188507,10274.0,68.0,18.924999237060547,0.0,575.0,226.7,61.0,-0.015303891113338372,0.1799735240638256,1.9386443893114726
1458176.0,675.6999869346619,10335.0,59.0,21.075000762939453,3.0,576.0,248.225,51.0,-0.015303891113338372,0.1799735240638256,1.9386443893114726
1474560.0,682.9763135910034,10406.0,61.0,21.924999237060547,4.0,576.0,253.4,52.0,-0.015303891113338372,0.1799735240638256,1.9386443893114726
1490944.0,690.235586643219,10472.0,62.0,19.674999237060547,3.0,571.0,227.225,79.0,-0.015303891113338372,0.1799735240638256,1.9386443893114726
1507328.0,697.5142796039581,10530.0,72.0,26.049999237060547,1.0,576.0,286.9,45.0,-0.015303891113338372,0.1799735240638256,1.9386443893114726
1523712.0,704.7600085735321,10590.0,69.0,27.25,2.0,576.0,306.35,88.0,-0.015303891113338372,0.1799735240638256,1.9386443893114726
1540096.0,712.046352148056,10643.0,61.0,26.674999237060547,5.0,573.0,287.675,107.0,-0.015303891113338372,0.1799735240638256,1.9386443893114726
1556480.0,719.2981669902802,10707.0,66.0,21.325000762939453,5.0,576.0,250.05,83.0,-0.015303891113338372,0.1799735240638256,1.9386443893114726
1572864.0,726.642415523529,10774.0,68.0,20.200000762939453,1.0,576.0,236.125,48.0,-0.015303891113338372,0.1799735240638256,1.9386443893114726
1589248.0,733.9019639492035,10842.0,67.0,20.200000762939453,2.0,576.0,230.825,70.0,-0.015303891113338372,0.1799735240638256,1.9386443893114726
1605632.0,741.1688463687897,10906.0,69.0,23.200000762939453,1.0,576.0,259.35,68.0,-0.015661572387519602,0.1799735240638256,1.9386443893114726
1622016.0,748.4141268730164,10967.0,54.0,18.25,1.0,575.0,228.7,54.0,-0.015661572387519602,0.1799735240638256,1.9386443893114726
1638400.0,755.6907966136932,11028.0,71.0,26.325000762939453,2.0,576.0,292.525,75.0,-0.015661572387519602,0.1799735240638256,1.9386443893114726
1654784.0,762.9706287384033,11084.0,70.0,24.725000381469727,0.0,577.0,270.55,47.0,-0.015661572387519602,0.1799735240638256,1.9386443893114726
1671168.0,770.221052646637,11150.0,69.0,25.225000381469727,1.0,576.0,287.9,55.0,-0.015661572387519602,0.1799735240638256,1.9273966004451115
1687552.0,777.5128397941589,11201.0,69.0,22.274999618530273,0.0,572.0,253.325,62.0,-0.015661572387519602,0.1799735240638256,1.898803358276685
1703936.0,784.7603583335876,11261.0,72.0,32.07500076293945,3.0,576.0,328.8,77.0,-0.015661572387519602,0.1799735240638256,1.898803358276685
1720320.0,792.0825352668762,11324.0,63.0,24.899999618530273,3.0,576.0,287.625,97.0,-0.015661572387519602,0.1799735240638256,1.898803358276685
1736704.0,799.3281428813934,11382.0,57.0,21.600000381469727,2.0,577.0,250.9,66.0,-0.015661572387519602,0.1799735240638256,1.898803358276685
1753088.0,806.6458449363708,11432.0,69.0,28.899999618530273,3.0,577.0,327.825,80.0,-0.015661572387519602,0.1799735240638256,1.898803358276685
1769472.0,813.94615483284,11497.0,75.0,27.524999618530273,2.0,577.0,286.975,58.0,-0.015661572387519602,0.1799735240638256,1.898803358276685
1785856.0,821.2900054454803,11556.0,74.0,21.700000762939453,1.0,577.0,247.75,58.0,-0.015661572387519602,0.1799735240638256,1.871332714955012
1802240.0,828.542112827301,11603.0,64.0,25.875,1.0,576.0,295.2,75.0,-0.015661572387519602,0.1799735240638256,1.871332714955012
1818624.0,835.8709688186646,11656.0,72.0,29.125,3.0,574.0,333.05,79.0,-0.015661572387519602,0.1799735240638256,1.871332714955012
1835008.0,843.1143572330475,11710.0,77.0,27.799999237060547,2.0,576.0,301.0,59.0,-0.015661572387519602,0.1799735240638256,1.8424965937932332
1851392.0,850.3874342441559,11770.0,67.0,28.899999618530273,4.0,577.0,313.6,58.0,-0.015661572387519602,0.1799735240638256,1.8424965937932332
1867776.0,857.6362771987915,11825.0,70.0,27.424999237060547,2.0,574.0,303.375,79.0,-0.015661572387519602,0.1799735240638256,1.8424965937932332
1884160.0,864.9328317642212,11874.0,61.0,25.225000381469727,1.0,573.0,284.1,63.0,-0.015661572387519602,0.1799735240638256,1.8424965937932332
1900544.0,872.1972622871399,11933.0,63.0,27.424999237060547,2.0,576.0,301.85,56.0,-0.015661572387519602,0.1799735240638256,1.8424965937932332
1916928.0,879.5010585784912,11987.0,67.0,33.04999923706055,2.0,576.0,348.375,69.0,-0.015661572387519602,0.1799735240638256,1.8424965937932332
1933312.0,886.7643737792969,12041.0,73.0,29.024999618530273,4.0,576.0,313.175,61.0,-0.015661572387519602,0.1799735240638256,1.8424965937932332
1949696.0,894.0844216346741,12096.0,67.0,27.674999237060547,6.0,577.0,301.225,103.0,-0.015661572387519602,0.1799735240638256,1.8424965937932332
1966080.0,901.3494362831116,12153.0,72.0,26.975000381469727,3.0,577.0,282.0,76.0,-0.015661572387519602,0.1799735240638256,1.8424965937932332
1982464.0,908.6477198600769,12203.0,69.0,29.975000381469727,6.0,577.0,313.125,89.0,-0.015661572387519602,0.1799735240638256,1.8337406317392986
1998848.0,915.9009463787079,12257.0,80.0,26.5,3.0,577.0,279.65,74.0,-0.015661572387519602,0.1799735240638256,1.8328111966451008
2015232.0,923.1879844665527,12308.0,68.0,32.70000076293945,1.0,576.0,351.475,78.0,-0.015661572387519602,0.1799735240638256,1.8328111966451008
2031616.0,930.4822025299072,12375.0,77.0,23.700000762939453,3.0,574.0,260.275,64.0,-0.015661572387519602,0.1799735240638256,1.8328111966451008
2048000.0,937.7762978076935,12431.0,66.0,24.274999618530273,0.0,576.0,284.25,84.0,-0.015661572387519602,0.1799735240638256,1.807015210390091
2064384.0,945.042085647583,12478.0,62.0,25.924999237060547,2.0,576.0,291.5,41.0,-0.015661572387519602,0.1799735240638256,1.807015210390091
2080768.0,952.3222622871399,12529.0,76.0,27.350000381469727,5.0,576.0,306.375,64.0,-0.015661572387519602,0.1799735240638256,1.8067449827988942
2097152.0,959.6108598709106,12567.0,65.0,36.900001525878906,6.0,577.0,393.175,87.0,-0.015661572387519602,0.1799735240638256,1.7985191841920216
2113536.0,966.8672730922699,12612.0,67.0,35.5,2.0,576.0,381.825,66.0,-0.015661572387519602,0.1799735240638256,1.7985191841920216
2129920.0,974.2094798088074,12662.0,73.0,33.82500076293945,3.0,576.0,333.8,63.0,-0.015661572387519602,0.1799735240638256,1.7985191841920216
2146304.0,981.4562215805054,12717.0,71.0,31.700000762939453,3.0,576.0,335.125,63.0,-0.015661572387519602,0.1799735240638256,1.7985191841920216
2162688.0,988.7952814102173,12760.0,62.0,31.200000762939453,4.0,575.0,337.75,89.0,-0.015661572387519602,0.1799735240638256,1.7985191841920216
2179072.0,996.0488791465759,12806.0,72.0,33.525001525878906,2.0,577.0,351.775,91.0,-0.015661572387519602,0.1799735240638256,1.7985191841920216
2195456.0,1003.3305449485779,12849.0,72.0,38.849998474121094,4.0,577.0,393.3,49.0,-0.015661572387519602,0.1799735240638256,1.7985191841920216
2211840.0,1010.5915586948395,12894.0,77.0,35.025001525878906,3.0,576.0,372.95,80.0,-0.015661572387519602,0.1799735240638256,1.7985191841920216
2228224.0,1017.8791205883026,12945.0,73.0,30.725000381469727,3.0,576.0,326.5,82.0,-0.015661572387519602,0.1799735240638256,1.7985191841920216
2244608.0,1025.143708705902,12994.0,64.0,28.200000762939453,2.0,576.0,308.85,82.0,-0.015661572387519602,0.1799735240638256,1.7985191841920216
2260992.0,1032.4438514709473,13043.0,73.0,35.20000076293945,7.0,576.0,368.05,91.0,-0.015661572387519602,0.1799735240638256,1.7985191841920216
2277376.0,1039.7226543426514,13094.0,72.0,29.649999618530273,3.0,574.0,317.95,63.0,-0.015661572387519602,0.1799735240638256,1.7985191841920216
2293760.0,1047.0212156772614,13133.0,65.0,31.799999237060547,7.0,575.0,339.925,82.0,-0.015661572387519602,0.1799735240638256,1.7985191841920216
2310144.0,1054.2880475521088,13187.0,66.0,35.349998474121094,3.0,577.0,373.125,98.0,-0.015661572387519602,0.1799735240638256,1.7985191841920216
2326528.0,1061.5941581726074,13237.0,65.0,27.274999618530273,5.0,576.0,291.025,84.0,-0.015661572387519602,0.1799735240638256,1.7985191841920216
2342912.0,1068.8595831394196,13295.0,70.0,27.75,1.0,575.0,305.125,88.0,-0.015661572387519602,0.1799735240638256,1.7985191841920216
2359296.0,1076.1541469097137,13347.0,71.0,26.149999618530273,3.0,574.0,295.7,62.0,-0.015661572387519602,0.1799735240638256,1.7985191841920216
2375680.0,1083.4263067245483,13380.0,66.0,30.399999618530273,2.0,576.0,331.75,106.0,-0.015661572387519602,0.1799735240638256,1.7985191841920216
2392064.0,1090.7416622638702,13437.0,64.0,35.650001525878906,5.0,576.0,379.35,91.0,-0.015661572387519602,0.1799735240638256,1.7985191841920216
2408448.0,1098.005054473877,13490.0,69.0,27.75,5.0,575.0,296.125,97.0,-0.015661572387519602,0.1799735240638256,1.7985191841920216
2424832.0,1105.301691532135,13544.0,62.0,29.950000762939453,4.0,575.0,329.325,95.0,-0.015661572387519602,0.1799735240638256,1.7985191841920216
2441216.0,1112.566923379898,13585.0,68.0,30.0,2.0,576.0,332.85,68.0,-0.015661572387519602,0.1799735240638256,1.7985191841920216
2457600.0,1119.856385231018,13637.0,73.0,35.025001525878906,2.0,576.0,361.65,98.0,-0.015661572387519602,0.1799735240638256,1.7985191841920216
2473984.0,1127.1336977481842,13681.0,68.0,28.299999237060547,1.0,576.0,314.375,70.0,-0.015661572387519602,0.1799735240638256,1.7985191841920216
2490368.0,1134.4223637580872,13735.0,62.0,31.825000762939453,1.0,574.0,337.375,49.0,-0.015661572387519602,0.1799735240638256,1.7985191841920216
2506752.0,1141.727680683136,13784.0,74.0,27.600000381469727,3.0,574.0,305.125,56.0,-0.015661572387519602,0.1799735240638256,1.7985191841920216
2523136.0,1148.989019393921,13838.0,73.0,32.42499923706055,4.0,576.0,343.375,89.0,-0.015661572387519602,0.1799735240638256,1.7985191841920216
2539520.0,1156.275456905365,13886.0,71.0,31.75,6.0,576.0,328.425,96.0,-0.015661572387519602,0.1799735240638256,1.7985191841920216
2555904.0,1163.5896022319794,13948.0,65.0,24.725000381469727,1.0,576.0,281.175,64.0,-0.015661572387519602,0.1799735240638256,1.7985191841920216
2572288.0,1170.8917331695557,13997.0,67.0,28.100000381469727,3.0,573.0,321.825,76.0,-0.015661572387519602,0.1799735240638256,1.7985191841920216
2588672.0,1178.1662423610687,14041.0,67.0,33.224998474121094,3.0,575.0,354.925,65.0,-0.015661572387519602,0.1799735240638256,1.7985191841920216
2605056.0,1185.4686737060547,14084.0,73.0,35.32500076293945,8.0,573.0,366.825,118.0,-0.015661572387519602,0.1799735240638256,1.7985191841920216
2621440.0,1192.7478365898132,14127.0,68.0,33.849998474121094,4.0,575.0,354.2,52.0,-0.015661572387519602,0.1799735240638256,1.7985191841920216
2637824.0,1200.0359189510345,14171.0,75.0,36.04999923706055,2.0,573.0,375.1,109.0,-0.015661572387519602,0.1799735240638256,1.7985191841920216
2654208.0,1207.297355890274,14217.0,67.0,34.625,0.0,574.0,367.175,65.0,-0.015661572387519602,0.1799735240638256,1.7985191841920216
2670592.0,1214.6020684242249,14265.0,65.0,30.625,4.0,573.0,325.7,75.0,-0.015661572387519602,0.1799735240638256,1.7985191841920216
2686976.0,1221.8620176315308,14313.0,69.0,32.79999923706055,3.0,576.0,354.75,76.0,-0.015661572387519602,0.1799735240638256,1.7985191841920216
2703360.0,1229.152664899826,14362.0,66.0,31.875,2.0,573.0,344.675,75.0,-0.015661572387519602,0.1799735240638256,1.7985191841920216
2719744.0,1236.427886724472,14406.0,80.0,29.850000381469727,2.0,576.0,320.625,57.0,-0.015661572387519602,0.1799735240638256,1.7985191841920216
2736128.0,1243.731094121933,14459.0,76.0,36.5,5.0,576.0,384.275,68.0,-0.015661572387519602,0.1799735240638256,1.7985191841920216
2752512.0,1250.9848232269287,14505.0,67.0,26.075000762939453,2.0,575.0,286.025,48.0,-0.015661572387519602,0.1799735240638256,1.7985191841920216
2768896.0,1258.3160061836243,14548.0,66.0,36.42499923706055,5.0,576.0,389.75,108.0,-0.015661572387519602,0.1799735240638256,1.7985191841920216
2785280.0,1265.5765676498413,14602.0,70.0,30.149999618530273,2.0,577.0,331.75,48.0,-0.015661572387519602,0.1799735240638256,1.7985191841920216
2801664.0,1272.8530054092407,14649.0,76.0,32.45000076293945,4.0,576.0,347.375,85.0,-0.015661572387519602,0.1799735240638256,1.7985191841920216
2818048.0,1280.1128408908844,14688.0,69.0,32.125,5.0,575.0,356.125,90.0,-0.015661572387519602,0.1799735240638256,1.7985191841920216
2834432.0,1287.4399890899658,14740.0,69.0,31.924999237060547,0.0,576.0,361.65,31.0,-0.015661572387519602,0.1799735240638256,1.7985191841920216
2850816.0,1294.7001564502716,14791.0,72.0,24.924999237060547,0.0,574.0,286.425,29.0,-0.015661572387519602,0.1799735240638256,1.7985191841920216
2867200.0,1302.0097179412842,14832.0,69.0,34.32500076293945,7.0,576.0,372.725,131.0,-0.015661572387519602,0.1799735240638256,1.7985191841920216
2883584.0,1309.280531167984,14873.0,68.0,33.724998474121094,1.0,575.0,347.925,57.0,-0.015661572387519602,0.1799735240638256,1.7985191841920216
2899968.0,1316.5666673183441,14923.0,68.0,36.775001525878906,3.0,576.0,376.2,90.0,-0.015661572387519602,0.1799735240638256,1.7985191841920216
2916352.0,1323.8344204425812,14966.0,76.0,35.79999923706055,6.0,576.0,371.65,84.0,-0.015661572387519602,0.1799735240638256,1.7985191841920216
2932736.0,1331.1313667297363,15028.0,83.0,33.724998474121094,0.0,576.0,349.425,70.0,-0.015661572387519602,0.1799735240638256,1.7985191841920216
2949120.0,1338.4932696819305,15069.0,65.0,29.924999237060547,1.0,575.0,311.85,53.0,-0.015661572387519602,0.1799735240638256,1.7985191841920216
2965504.0,1345.79310464859,15129.0,67.0,30.575000762939453,3.0,576.0,326.7,46.0,-0.015661572387519602,0.1799735240638256,1.7985191841920216
2981888.0,1353.0840666294098,15174.0,70.0,30.075000762939453,3.0,574.0,302.175,72.0,-0.015661572387519602,0.1799735240638256,1.7985191841920216
2998272.0,1360.3833594322205,15222.0,71.0,29.725000381469727,2.0,574.0,313.85,55.0,-0.015661572387519602,0.1799735240638256,1.7985191841920216
3014656.0,1367.6713135242462,15267.0,82.0,38.099998474121094,9.0,576.0,379.45,132.0,-0.015661572387519602,0.1799735240638256,1.7985191841920216
3031040.0,1374.9227216243744,15311.0,80.0,29.625,1.0,575.0,308.275,52.0,-0.015661572387519602,0.1799735240638256,1.7985191841920216
3047424.0,1382.208645582199,15355.0,74.0,39.0,1.0,577.0,415.15,61.0,-0.015661572387519602,0.1799735240638256,1.7985191841920216
3063808.0,1389.4705247879028,15401.0,79.0,37.20000076293945,5.0,576.0,387.725,104.0,-0.015661572387519602,0.1799735240638256,1.7985191841920216
3080192.0,1396.7839984893799,15440.0,76.0,35.349998474121094,3.0,575.0,368.125,49.0,-0.015661572387519602,0.1799735240638256,1.7985191841920216
3096576.0,1404.0818524360657,15486.0,81.0,39.70000076293945,5.0,576.0,415.425,105.0,-0.015661572387519602,0.1799735240638256,1.7985191841920216
3112960.0,1411.3635699748993,15525.0,73.0,34.32500076293945,5.0,575.0,346.575,68.0,-0.015661572387519602,0.1799735240638256,1.7985191841920216
3129344.0,1418.6598417758942,15578.0,72.0,30.274999618530273,2.0,574.0,323.325,72.0,-0.015661572387519602,0.1799735240638256,1.7985191841920216
3145728.0,1425.9959075450897,15633.0,68.0,34.42499923706055,1.0,577.0,362.85,74.0,-0.015661572387519602,0.1799735240638256,1.7985191841920216
3162112.0,1433.267088651657,15678.0,69.0,30.0,4.0,576.0,313.2,47.0,-0.015661572387519602,0.1799735240638256,1.7985191841920216
3178496.0,1440.59636592865,15731.0,73.0,33.525001525878906,4.0,576.0,360.2,59.0,-0.015661572387519602,0.1799735240638256,1.7985191841920216
3194880.0,1447.8649916648865,15774.0,69.0,31.975000381469727,2.0,576.0,337.425,87.0,-0.015661572387519602,0.1799735240638256,1.7985191841920216
3211264.0,1455.2003557682037,15828.0,70.0,33.70000076293945,0.0,575.0,360.525,40.0,-0.015661572387519602,0.1799735240638256,1.7985191841920216
3227648.0,1462.458740234375,15864.0,70.0,37.45000076293945,4.0,576.0,380.325,97.0,-0.015661572387519602,0.1799735240638256,1.7985191841920216
3244032.0,1469.7505958080292,15914.0,74.0,38.099998474121094,2.0,576.0,379.55,60.0,-0.015661572387519602,0.1799735240638256,1.7985191841920216
3260416.0,1477.01411652565,15959.0,71.0,31.850000381469727,3.0,576.0,333.475,65.0,-0.015661572387519602,0.1799735240638256,1.7985191841920216
3276800.0,1484.2996282577515,16001.0,69.0,34.32500076293945,1.0,574.0,354.5,71.0,-0.015661572387519602,0.1799735240638256,1.7985191841920216
3293184.0,1491.5738484859467,16058.0,73.0,29.174999237060547,1.0,575.0,314.175,41.0,-0.015661572387519602,0.1799735240638256,1.7985191841920216
3309568.0,1498.882836818695,16107.0,63.0,28.024999618530273,2.0,574.0,310.25,46.0,-0.015661572387519602,0.1799735240638256,1.7985191841920216
3325952.0,1506.1483495235443,16156.0,70.0,34.20000076293945,2.0,576.0,357.075,61.0,-0.015661572387519602,0.1799735240638256,1.7985191841920216
3342336.0,1513.4420056343079,16207.0,68.0,30.024999618530273,4.0,575.0,333.725,88.0,-0.015661572387519602,0.1799735240638256,1.7985191841920216
3358720.0,1520.7648487091064,16251.0,68.0,34.32500076293945,1.0,576.0,364.475,59.0,-0.015661572387519602,0.1799735240638256,1.7985191841920216
3375104.0,1528.046067237854,16302.0,74.0,32.17499923706055,0.0,572.0,343.7,64.0,-0.015661572387519602,0.1799735240638256,1.7985191841920216
3391488.0,1535.3807754516602,16358.0,69.0,26.024999618530273,3.0,574.0,279.75,55.0,-0.015661572387519602,0.1799735240638256,1.7985191841920216
3407872.0,1542.656485080719,16403.0,72.0,32.650001525878906,0.0,573.0,343.7,58.0,-0.015661572387519602,0.1799735240638256,1.7985191841920216
3424256.0,1549.9842238426208,16452.0,62.0,30.524999618530273,4.0,576.0,336.875,81.0,-0.015661572387519602,0.1799735240638256,1.7985191841920216
3440640.0,1557.2572090625763,16484.0,69.0,33.025001525878906,4.0,575.0,353.8,76.0,-0.015661572387519602,0.1799735240638256,1.7985191841920216
3457024.0,1564.5948512554169,16532.0,81.0,37.099998474121094,4.0,574.0,398.575,93.0,-0.015661572387519602,0.1799735240638256,1.7985191841920216
3473408.0,1571.8539588451385,16583.0,70.0,33.29999923706055,0.0,574.0,355.75,47.0,-0.015661572387519602,0.1799735240638256,1.7985191841920216
3489792.0,1579.1780533790588,16625.0,70.0,30.625,5.0,574.0,327.95,111.0,-0.015661572387519602,0.1799735240638256,1.7985191841920216
3506176.0,1586.449327468872,16677.0,82.0,36.875,0.0,576.0,370.125,73.0,-0.015661572387519602,0.1799735240638256,1.7985191841920216
3522560.0,1593.7860612869263,16720.0,67.0,33.0,5.0,574.0,354.6,78.0,-0.015661572387519602,0.1799735240638256,1.7985191841920216
3538944.0,1601.0913970470428,16767.0,70.0,36.900001525878906,0.0,575.0,375.625,57.0,-0.015661572387519602,0.1799735240638256,1.7985191841920216
3555328.0,1608.4137172698975,16813.0,68.0,33.400001525878906,2.0,575.0,355.6,89.0,-0.015661572387519602,0.1799735240638256,1.7985191841920216
3571712.0,1615.6729154586792,16856.0,77.0,31.350000381469727,2.0,573.0,324.25,65.0,-0.015661572387519602,0.1799735240638256,1.7985191841920216
3588096.0,1622.9620547294617,16908.0,70.0,38.224998474121094,7.0,576.0,394.225,103.0,-0.015661572387519602,0.1799735240638256,1.7985191841920216
3604480.0,1630.2674419879913,16952.0,74.0,32.849998474121094,1.0,573.0,339.35,52.0,-0.015661572387519602,0.1799735240638256,1.7985191841920216
3620864.0,1637.5672647953033,16995.0,68.0,31.725000381469727,2.0,571.0,346.625,43.0,-0.015661572387519602,0.1799735240638256,1.7985191841920216
3637248.0,1644.8804318904877,17042.0,75.0,37.125,6.0,573.0,393.425,79.0,-0.015661572387519602,0.1799735240638256,1.7985191841920216
3653632.0,1652.2116050720215,17087.0,78.0,37.04999923706055,4.0,575.0,375.825,90.0,-0.015661572387519602,0.1799735240638256,1.7985191841920216
3670016.0,1659.4816145896912,17127.0,76.0,34.974998474121094,4.0,576.0,382.9,97.0,-0.015661572387519602,0.1799735240638256,1.7985191841920216
3686400.0,1666.787433385849,17167.0,65.0,36.875,6.0,574.0,395.1,87.0,-0.015661572387519602,0.1799735240638256,1.7985191841920216
3702784.0,1674.0583016872406,17205.0,74.0,42.875,10.0,575.0,446.325,135.0,-0.015661572387519602,0.1799735240638256,1.7985191841920216
3719168.0,1681.389405965805,17246.0,77.0,39.17499923706055,3.0,573.0,392.725,62.0,-0.015661572387519602,0.1799735240638256,1.7985191841920216
3735552.0,1688.6581342220306,17288.0,67.0,35.95000076293945,4.0,570.0,395.425,99.0,-0.015661572387519602,0.1799735240638256,1.7985191841920216
3751936.0,1695.9490740299225,17334.0,70.0,35.42499923706055,4.0,568.0,367.525,68.0,-0.015661572387519602,0.1799735240638256,1.7985191841920216
3768320.0,1703.2551710605621,17376.0,73.0,32.20000076293945,2.0,572.0,336.575,51.0,-0.015661572387519602,0.1799735240638256,1.7985191841920216
3784704.0,1710.5742466449738,17423.0,71.0,37.349998474121094,8.0,573.0,383.55,91.0,-0.015661572387519602,0.1799735240638256,1.7985191841920216
3801088.0,1717.8448235988617,17469.0,74.0,34.775001525878906,4.0,571.0,359.375,74.0,-0.015661572387519602,0.1799735240638256,1.7985191841920216
3817472.0,1725.1429316997528,17517.0,64.0,31.024999618530273,7.0,572.0,344.85,102.0,-0.015661572387519602,0.1799735240638256,1.7985191841920216
3833856.0,1732.4313399791718,17560.0,70.0,32.82500076293945,1.0,572.0,363.05,59.0,-0.015661572387519602,0.1799735240638256,1.7985191841920216
3850240.0,1739.7026193141937,17605.0,69.0,37.20000076293945,6.0,572.0,387.15,126.0,-0.015661572387519602,0.1799735240638256,1.7985191841920216
3866624.0,1747.0089507102966,17649.0,65.0,32.400001525878906,5.0,574.0,328.25,64.0,-0.015661572387519602,0.1799735240638256,1.7985191841920216
3883008.0,1754.28053855896,17694.0,71.0,36.42499923706055,6.0,574.0,374.075,96.0,-0.015661572387519602,0.1799735240638256,1.7985191841920216
3899392.0,1761.5816490650177,17735.0,67.0,34.900001525878906,6.0,574.0,373.15,61.0,-0.015661572387519602,0.1799735240638256,1.7985191841920216
3915776.0,1768.8584802150726,17781.0,75.0,37.75,2.0,574.0,392.55,52.0,-0.015661572387519602,0.1799735240638256,1.7985191841920216
3932160.0,1776.1579158306122,17829.0,74.0,33.95000076293945,0.0,573.0,337.05,58.0,-0.015661572387519602,0.1799735240638256,1.7985191841920216
3948544.0,1783.4146420955658,17870.0,71.0,38.54999923706055,5.0,576.0,382.7,95.0,-0.015661572387519602,0.1799735240638256,1.7985191841920216
3964928.0,1790.706616640091,17908.0,67.0,36.849998474121094,4.0,575.0,395.775,132.0,-0.015661572387519602,0.1799735240638256,1.7985191841920216
3981312.0,1798.014766216278,17946.0,76.0,43.25,8.0,572.0,424.475,117.0,-0.015661572387519602,0.1799735240638256,1.7985191841920216
3997696.0,1805.3170340061188,18001.0,70.0,37.45000076293945,5.0,574.0,380.625,64.0,-0.015661572387519602,0.1799735240638256,1.7985191841920216
4014080.0,1812.5803864002228,18038.0,70.0,32.07500076293945,4.0,570.0,331.2,64.0,-0.015661572387519602,0.1799735240638256,1.7985191841920216
4030464.0,1819.8534638881683,18089.0,69.0,38.974998474121094,4.0,575.0,409.9,90.0,-0.015661572387519602,0.1799735240638256,1.7985191841920216
4046848.0,1827.1214997768402,18128.0,66.0,28.700000762939453,2.0,574.0,311.325,74.0,-0.015661572387519602,0.1799735240638256,1.7985191841920216
4063232.0,1834.4093770980835,18171.0,69.0,38.92499923706055,0.0,574.0,402.375,47.0,-0.015661572387519602,0.1799735240638256,1.7985191841920216
4079616.0,1841.6675040721893,18213.0,66.0,36.125,3.0,574.0,388.575,85.0,-0.015661572387519602,0.1799735240638256,1.7985191841920216
4096000.0,1848.976761341095,18251.0,77.0,36.275001525878906,10.0,574.0,392.825,96.0,-0.015661572387519602,0.1799735240638256,1.7985191841920216
4112384.0,1856.260134935379,18298.0,72.0,37.974998474121094,7.0,575.0,391.125,102.0,-0.015661572387519602,0.1799735240638256,1.7985191841920216
4128768.0,1863.5671954154968,18342.0,63.0,34.599998474121094,8.0,575.0,374.2,79.0,-0.015661572387519602,0.1799735240638256,1.7985191841920216
4145152.0,1870.8679678440094,18384.0,70.0,28.5,1.0,575.0,332.525,64.0,-0.015661572387519602,0.1799735240638256,1.7985191841920216
4161536.0,1878.2045187950134,18432.0,69.0,35.5,0.0,574.0,387.25,75.0,-0.015661572387519602,0.1799735240638256,1.7985191841920216
4177920.0,1885.456069469452,18476.0,64.0,32.95000076293945,8.0,572.0,364.975,109.0,-0.015661572387519602,0.1799735240638256,1.7985191841920216
4194304.0,1892.7545893192291,18522.0,76.0,31.549999237060547,2.0,573.0,339.675,68.0,-0.015661572387519602,0.1799735240638256,1.7985191841920216
4210688.0,1899.998568534851,18560.0,68.0,30.399999618530273,3.0,574.0,338.75,79.0,-0.015661572387519602,0.1799735240638256,1.7985191841920216
4227072.0,1907.2933616638184,18607.0,70.0,40.375,1.0,575.0,427.75,69.0,-0.015661572387519602,0.1799735240638256,1.7985191841920216
4243456.0,1914.554369211197,18645.0,70.0,38.17499923706055,1.0,576.0,391.775,82.0,-0.015661572387519602,0.1799735240638256,1.7985191841920216
4259840.0,1921.8331389427185,18679.0,74.0,42.849998474121094,3.0,576.0,441.275,91.0,-0.015661572387519602,0.1799735240638256,1.7985191841920216
4276224.0,1929.1631319522858,18722.0,76.0,42.974998474121094,2.0,574.0,452.675,84.0,-0.015661572387519602,0.1799735240638256,1.7985191841920216
4292608.0,1936.4186325073242,18759.0,74.0,39.724998474121094,10.0,576.0,404.25,114.0,-0.015661572387519602,0.1799735240638256,1.7985191841920216
4308992.0,1943.7107317447662,18801.0,70.0,38.29999923706055,3.0,577.0,384.65,61.0,-0.015661572387519602,0.1799735240638256,1.7985191841920216
4325376.0,1950.9810507297516,18837.0,76.0,37.42499923706055,2.0,573.0,383.25,74.0,-0.015661572387519602,0.1799735240638256,1.7985191841920216
4341760.0,1958.2813470363617,18882.0,69.0,38.25,3.0,575.0,382.75,82.0,-0.015661572387519602,0.1799735240638256,1.7985191841920216
4358144.0,1965.5472218990326,18921.0,77.0,42.224998474121094,3.0,575.0,419.1,104.0,-0.015661572387519602,0.1799735240638256,1.7985191841920216
4374528.0,1972.8772358894348,18964.0,67.0,40.79999923706055,1.0,575.0,424.275,57.0,-0.015661572387519602,0.1799735240638256,1.7985191841920216
4390912.0,1980.1732821464539,19016.0,64.0,32.599998474121094,3.0,575.0,366.85,73.0,-0.015661572387519602,0.1799735240638256,1.7985191841920216
4407296.0,1987.4533836841583,19054.0,72.0,36.099998474121094,3.0,574.0,368.525,82.0,-0.015661572387519602,0.1799735240638256,1.7985191841920216
4423680.0,1994.7004079818726,19106.0,71.0,33.375,3.0,576.0,348.45,53.0,-0.015661572387519602,0.1799735240638256,1.7985191841920216
4440064.0,2001.9945828914642,19156.0,70.0,28.75,5.0,576.0,303.025,60.0,-0.015661572387519602,0.1799735240638256,1.7985191841920216
4456448.0,2009.258152961731,19202.0,64.0,33.150001525878906,2.0,574.0,350.475,83.0,-0.015661572387519602,0.1799735240638256,1.7985191841920216
4472832.0,2016.5939309597015,19245.0,72.0,35.474998474121094,4.0,576.0,373.725,97.0,-0.015661572387519602,0.1799735240638256,1.7985191841920216
4489216.0,2023.8470492362976,19283.0,67.0,35.29999923706055,3.0,576.0,384.525,86.0,-0.015661572387519602,0.1799735240638256,1.7985191841920216
4505600.0,2031.1346273422241,19335.0,67.0,36.474998474121094,1.0,576.0,386.65,36.0,-0.015661572387519602,0.1799735240638256,1.7985191841920216
4521984.0,2038.4419329166412,19381.0,73.0,31.299999237060547,3.0,574.0,338.425,76.0,-0.015661572387519602,0.1799735240638256,1.7985191841920216
4538368.0,2045.7417397499084,19431.0,77.0,32.275001525878906,3.0,571.0,330.875,57.0,-0.015661572387519602,0.1799735240638256,1.7985191841920216
4554752.0,2053.0142595767975,19469.0,64.0,31.174999237060547,3.0,572.0,339.35,48.0,-0.015661572387519602,0.1799735240638256,1.7985191841920216
4571136.0,2060.329444885254,19521.0,71.0,36.974998474121094,0.0,570.0,375.7,36.0,-0.015661572387519602,0.1799735240638256,1.7985191841920216
4587520.0,2067.5942153930664,19561.0,72.0,33.92499923706055,4.0,569.0,344.45,75.0,-0.015661572387519602,0.1799735240638256,1.7985191841920216
4603904.0,2074.940129995346,19605.0,71.0,39.0,3.0,568.0,393.8,63.0,-0.015661572387519602,0.1799735240638256,1.7985191841920216
4620288.0,2082.240390062332,19648.0,72.0,40.275001525878906,4.0,568.0,396.925,55.0,-0.015661572387519602,0.1799735240638256,1.7985191841920216
4636672.0,2089.5535085201263,19696.0,66.0,33.224998474121094,3.0,569.0,336.15,85.0,-0.015661572387519602,0.1799735240638256,1.7985191841920216
4653056.0,2096.8129498958588,19738.0,67.0,32.275001525878906,6.0,572.0,339.125,66.0,-0.015661572387519602,0.1799735240638256,1.7985191841920216
4669440.0,2104.11017370224,19789.0,72.0,36.099998474121094,7.0,571.0,369.0,92.0,-0.015661572387519602,0.1799735240638256,1.7985191841920216
4685824.0,2111.4171738624573,19831.0,66.0,31.950000762939453,0.0,570.0,331.825,73.0,-0.015661572387519602,0.1799735240638256,1.7985191841920216
4702208.0,2118.670985221863,19891.0,68.0,35.400001525878906,4.0,571.0,363.225,62.0,-0.015661572387519602,0.1799735240638256,1.7985191841920216
4718592.0,2126.009135723114,19929.0,66.0,29.475000381469727,2.0,571.0,303.625,74.0,-0.015661572387519602,0.1799735240638256,1.7985191841920216
4734976.0,2133.2731800079346,19981.0,74.0,39.42499923706055,5.0,571.0,388.975,101.0,-0.015661572387519602,0.1799735240638256,1.7985191841920216
4751360.0,2140.5605850219727,20014.0,69.0,37.349998474121094,7.0,574.0,380.85,88.0,-0.015661572387519602,0.1799735240638256,1.7985191841920216
4767744.0,2147.8345687389374,20059.0,70.0,37.0,4.0,573.0,389.2,73.0,-0.015661572387519602,0.1799735240638256,1.7985191841920216
4784128.0,2155.1612095832825,20093.0,69.0,42.75,7.0,573.0,437.125,106.0,-0.015661572387519602,0.1799735240638256,1.7985191841920216
4800512.0,2162.4272923469543,20138.0,74.0,37.724998474121094,3.0,575.0,385.975,68.0,-0.015661572387519602,0.1799735240638256,1.7985191841920216
4816896.0,2169.7259228229523,20177.0,77.0,43.95000076293945,8.0,574.0,428.2,149.0,-0.015661572387519602,0.1799735240638256,1.7985191841920216
4833280.0,2176.9865260124207,20222.0,69.0,38.400001525878906,8.0,572.0,398.2,96.0,-0.015661572387519602,0.1799735240638256,1.7985191841920216
4849664.0,2184.280522108078,20259.0,83.0,36.525001525878906,5.0,573.0,362.875,82.0,-0.015661572387519602,0.1799735240638256,1.7985191841920216
4866048.0,2191.5458521842957,20306.0,67.0,39.07500076293945,4.0,573.0,386.075,88.0,-0.015661572387519602,0.1799735240638256,1.7985191841920216
4882432.0,2198.8467950820923,20347.0,75.0,32.82500076293945,4.0,570.0,344.9,68.0,-0.015661572387519602,0.1799735240638256,1.7985191841920216
4898816.0,2206.1171164512634,20387.0,69.0,44.150001525878906,5.0,574.0,439.7,85.0,-0.015661572387519602,0.1799735240638256,1.7985191841920216
4915200.0,2213.4531729221344,20425.0,69.0,39.20000076293945,0.0,573.0,401.025,29.0,-0.015661572387519602,0.1799735240638256,1.7985191841920216
4931584.0,2220.7125079631805,20468.0,72.0,41.599998474121094,7.0,573.0,424.4,72.0,-0.015661572387519602,0.1799735240638256,1.7985191841920216
4947968.0,2228.0080513954163,20514.0,72.0,31.600000381469727,6.0,574.0,333.55,77.0,-0.015661572387519602,0.1799735240638256,1.7985191841920216
4964352.0,2235.2597937583923,20559.0,69.0,35.900001525878906,6.0,575.0,373.175,70.0,-0.015661572387519602,0.1799735240638256,1.7985191841920216
4980736.0,2242.541928291321,20601.0,75.0,35.125,5.0,575.0,353.1,74.0,-0.015661572387519602,0.1799735240638256,1.7985191841920216
4997120.0,2249.809697151184,20645.0,79.0,33.07500076293945,1.0,575.0,343.275,45.0,-0.015661572387519602,0.1799735240638256,1.7985191841920216
5013504.0,2257.1381504535675,20702.0,78.0,33.900001525878906,5.0,570.0,355.35,86.0,-0.015661572387519602,0.1799735240638256,1.7985191841920216
5029888.0,2264.4626467227936,20742.0,68.0,33.599998474121094,3.0,570.0,346.275,97.0,-0.015661572387519602,0.1799735240638256,1.7985191841920216
5046272.0,2271.765155315399,20786.0,69.0,35.275001525878906,5.0,569.0,386.725,80.0,-0.015661572387519602,0.1799735240638256,1.7985191841920216
5062656.0,2279.0270471572876,20826.0,76.0,36.150001525878906,3.0,575.0,362.675,52.0,-0.015661572387519602,0.1799735240638256,1.7985191841920216
5079040.0,2286.314813375473,20866.0,80.0,45.099998474121094,5.0,572.0,441.0,99.0,-0.015661572387519602,0.1799735240638256,1.7985191841920216
5095424.0,2293.6201548576355,20906.0,69.0,34.400001525878906,4.0,573.0,362.525,81.0,-0.015661572387519602,0.1799735240638256,1.7985191841920216
5111808.0,2300.9583292007446,20948.0,71.0,33.42499923706055,7.0,569.0,368.475,92.0,-0.015661572387519602,0.1799735240638256,1.7985191841920216
5128192.0,2308.2663493156433,20989.0,75.0,44.150001525878906,4.0,573.0,429.5,83.0,-0.015661572387519602,0.1799735240638256,1.7985191841920216
5144576.0,2315.5721571445465,21031.0,70.0,35.29999923706055,0.0,569.0,367.825,76.0,-0.015661572387519602,0.1799735240638256,1.7985191841920216
5160960.0,2322.868889808655,21083.0,71.0,37.54999923706055,6.0,568.0,390.1,91.0,-0.015661572387519602,0.1799735240638256,1.7985191841920216
5177344.0,2330.1405251026154,21133.0,75.0,26.549999237060547,4.0,571.0,269.2,80.0,-0.015661572387519602,0.1799735240638256,1.7985191841920216
5193728.0,2337.432224035263,21171.0,75.0,42.17499923706055,9.0,572.0,424.375,109.0,-0.015661572387519602,0.1799735240638256,1.7985191841920216
5210112.0,2344.7059984207153,21216.0,68.0,36.150001525878906,2.0,571.0,377.725,85.0,-0.015661572387519602,0.1799735240638256,1.7985191841920216
5226496.0,2352.044506072998,21257.0,67.0,34.95000076293945,4.0,572.0,368.25,79.0,-0.015661572387519602,0.1799735240638256,1.7985191841920216
5242880.0,2359.3066680431366,21297.0,77.0,37.599998474121094,3.0,568.0,368.175,108.0,-0.015661572387519602,0.1799735240638256,1.7985191841920216
5259264.0,2366.6084372997284,21347.0,78.0,38.5,3.0,571.0,391.1,84.0,-0.015661572387519602,0.1799735240638256,1.7985191841920216
5275648.0,2373.88219499588,21377.0,72.0,38.775001525878906,3.0,573.0,390.25,71.0,-0.015661572387519602,0.1799735240638256,1.7985191841920216
5292032.0,2381.165798664093,21431.0,86.0,43.67499923706055,4.0,575.0,431.7,83.0,-0.015661572387519602,0.1799735240638256,1.7985191841920216
5308416.0,2388.4256591796875,21463.0,66.0,31.950000762939453,3.0,573.0,341.25,76.0,-0.015661572387519602,0.1799735240638256,1.7985191841920216
5324800.0,2395.757628917694,21514.0,80.0,38.54999923706055,5.0,568.0,394.7,106.0,-0.015661572387519602,0.1799735240638256,1.7985191841920216
5341184.0,2403.0311436653137,21554.0,69.0,36.875,2.0,574.0,376.25,89.0,-0.015661572387519602,0.1799735240638256,1.7985191841920216
5357568.0,2410.3320813179016,21590.0,69.0,39.900001525878906,2.0,572.0,406.75,95.0,-0.015661572387519602,0.1799735240638256,1.7985191841920216
5373952.0,2417.584743499756,21632.0,72.0,39.474998474121094,5.0,567.0,402.325,75.0,-0.015661572387519602,0.1799735240638256,1.7985191841920216
5390336.0,2424.9182794094086,21676.0,71.0,35.29999923706055,1.0,571.0,362.7,91.0,-0.015661572387519602,0.1799735240638256,1.7985191841920216
5406720.0,2432.185935497284,21718.0,71.0,42.275001525878906,6.0,572.0,416.825,97.0,-0.015661572387519602,0.1799735240638256,1.7985191841920216
5423104.0,2439.518758058548,21757.0,64.0,36.45000076293945,7.0,568.0,385.1,80.0,-0.015661572387519602,0.1799735240638256,1.7985191841920216
5439488.0,2446.778388738632,21798.0,73.0,43.04999923706055,5.0,570.0,427.8,114.0,-0.015661572387519602,0.1799735240638256,1.7985191841920216
5455872.0,2454.1065394878387,21840.0,71.0,37.625,1.0,570.0,387.95,65.0,-0.015661572387519602,0.1799735240638256,1.7985191841920216
5472256.0,2461.3570902347565,21885.0,74.0,40.525001525878906,3.0,572.0,393.275,73.0,-0.015661572387519602,0.1799735240638256,1.7985191841920216
5488640.0,2468.647249698639,21928.0,74.0,36.25,4.0,574.0,379.85,87.0,-0.015661572387519602,0.1799735240638256,1.7985191841920216
5505024.0,2475.909911632538,21967.0,74.0,38.75,2.0,575.0,391.2,66.0,-0.015661572387519602,0.1799735240638256,1.7985191841920216
5521408.0,2483.2064657211304,22007.0,73.0,41.82500076293945,7.0,574.0,413.275,114.0,-0.015661572387519602,0.1799735240638256,1.7985191841920216
5537792.0,2490.47013092041,22046.0,71.0,41.349998474121094,6.0,574.0,422.425,107.0,-0.015661572387519602,0.1799735240638256,1.7985191841920216
5554176.0,2497.781008005142,22081.0,72.0,43.0,4.0,575.0,436.725,123.0,-0.015661572387519602,0.1799735240638256,1.7985191841920216
5570560.0,2505.0781536102295,22117.0,73.0,44.79999923706055,4.0,574.0,445.725,99.0,-0.015661572387519602,0.1799735240638256,1.7985191841920216
5586944.0,2512.377329349518,22159.0,71.0,40.79999923706055,4.0,575.0,402.125,82.0,-0.015661572387519602,0.1799735240638256,1.7985191841920216
5603328.0,2519.6713132858276,22199.0,73.0,39.70000076293945,2.0,574.0,402.575,72.0,-0.015661572387519602,0.1799735240638256,1.7985191841920216
5619712.0,2526.942792415619,22246.0,71.0,34.974998474121094,3.0,572.0,357.5,70.0,-0.015661572387519602,0.1799735240638256,1.7985191841920216
5636096.0,2534.246820449829,22282.0,68.0,38.70000076293945,1.0,572.0,401.925,55.0,-0.015661572387519602,0.1799735240638256,1.7985191841920216
5652480.0,2541.5482976436615,22321.0,73.0,43.525001525878906,3.0,574.0,438.725,48.0,-0.015661572387519602,0.1799735240638256,1.7985191841920216
5668864.0,2548.827884197235,22363.0,71.0,42.625,6.0,574.0,427.775,77.0,-0.015661572387519602,0.1799735240638256,1.7985191841920216
5685248.0,2556.1333317756653,22397.0,75.0,44.025001525878906,6.0,573.0,435.65,122.0,-0.015661572387519602,0.1799735240638256,1.7985191841920216
5701632.0,2563.468465089798,22443.0,72.0,38.474998474121094,2.0,570.0,406.475,48.0,-0.015661572387519602,0.1799735240638256,1.7985191841920216
5718016.0,2570.723870038986,22491.0,64.0,32.20000076293945,1.0,571.0,337.8,57.0,-0.015661572387519602,0.1799735240638256,1.7985191841920216
5734400.0,2578.0309960842133,22529.0,77.0,40.57500076293945,5.0,570.0,407.5,79.0,-0.015661572387519602,0.1799735240638256,1.7985191841920216
5750784.0,2585.295469522476,22567.0,73.0,41.75,4.0,573.0,414.35,72.0,-0.015661572387519602,0.1799735240638256,1.7985191841920216
5767168.0,2592.5961277484894,22614.0,70.0,37.099998474121094,2.0,576.0,375.125,64.0,-0.015661572387519602,0.1799735240638256,1.7985191841920216
5783552.0,2599.8572101593018,22654.0,72.0,34.79999923706055,1.0,575.0,377.05,56.0,-0.015661572387519602,0.1799735240638256,1.7985191841920216
5799936.0,2607.1626060009003,22697.0,65.0,35.07500076293945,3.0,574.0,376.125,53.0,-0.015661572387519602,0.1799735240638256,1.7985191841920216
5816320.0,2614.445735692978,22737.0,71.0,39.974998474121094,5.0,576.0,403.95,88.0,-0.015661572387519602,0.1799735240638256,1.7985191841920216
5832704.0,2621.774710893631,22780.0,78.0,44.900001525878906,5.0,576.0,441.075,90.0,-0.015661572387519602,0.1799735240638256,1.7985191841920216
5849088.0,2629.038379430771,22815.0,71.0,40.92499923706055,4.0,575.0,421.3,82.0,-0.015661572387519602,0.1799735240638256,1.7985191841920216
5865472.0,2636.3719704151154,22854.0,73.0,40.525001525878906,2.0,574.0,407.1,64.0,-0.015661572387519602,0.1799735240638256,1.7985191841920216
5881856.0,2643.6306364536285,22894.0,80.0,43.75,7.0,577.0,436.1,90.0,-0.015661572387519602,0.1799735240638256,1.7985191841920216
5898240.0,2650.9108657836914,22934.0,68.0,37.79999923706055,5.0,572.0,399.025,106.0,-0.015661572387519602,0.1799735240638256,1.7985191841920216
5914624.0,2658.1899316310883,22982.0,71.0,35.375,2.0,572.0,366.5,57.0,-0.015661572387519602,0.1799735240638256,1.7985191841920216
5931008.0,2665.5346779823303,23019.0,81.0,37.75,5.0,574.0,367.375,106.0,-0.015661572387519602,0.1799735240638256,1.7985191841920216
5947392.0,2672.7949693202972,23062.0,70.0,38.474998474121094,3.0,575.0,390.325,84.0,-0.015661572387519602,0.1799735240638256,1.7985191841920216
5963776.0,2680.1298835277557,23104.0,70.0,40.25,5.0,574.0,403.775,64.0,-0.015661572387519602,0.1799735240638256,1.7985191841920216
5980160.0,2687.4254620075226,23144.0,71.0,37.45000076293945,2.0,574.0,392.0,55.0,-0.015661572387519602,0.1799735240638256,1.7985191841920216
5996544.0,2694.718621969223,23187.0,70.0,40.150001525878906,7.0,576.0,410.825,81.0,-0.015661572387519602,0.1799735240638256,1.7985191841920216
6012928.0,2702.0274469852448,23227.0,71.0,36.45000076293945,4.0,571.0,378.475,97.0,-0.015661572387519602,0.1799735240638256,1.7985191841920216
6029312.0,2709.298368215561,23270.0,70.0,40.625,3.0,574.0,407.35,70.0,-0.015661572387519602,0.1799735240638256,1.7985191841920216
6045696.0,2716.6075670719147,23312.0,78.0,35.82500076293945,5.0,571.0,356.775,84.0,-0.015661572387519602,0.1799735240638256,1.7985191841920216
6062080.0,2723.8771007061005,23355.0,81.0,37.57500076293945,6.0,567.0,379.925,90.0,-0.015661572387519602,0.1799735240638256,1.7985191841920216
6078464.0,2731.178277492523,23397.0,70.0,37.32500076293945,3.0,569.0,388.3,79.0,-0.015661572387519602,0.1799735240638256,1.7985191841920216
6094848.0,2738.4410634040833,23440.0,71.0,38.599998474121094,6.0,572.0,384.825,92.0,-0.015661572387519602,0.1799735240638256,1.7985191841920216
6111232.0,2745.743649959564,23481.0,66.0,36.125,2.0,570.0,366.3,49.0,-0.015661572387519602,0.1799735240638256,1.7985191841920216
6127616.0,2753.0047438144684,23523.0,72.0,41.474998474121094,3.0,572.0,411.45,104.0,-0.015661572387519602,0.1799735240638256,1.7985191841920216
6144000.0,2760.311846971512,23563.0,74.0,39.20000076293945,3.0,570.0,403.675,83.0,-0.015661572387519602,0.1799735240638256,1.7985191841920216
6160384.0,2767.5852921009064,23614.0,83.0,39.375,3.0,574.0,388.9,106.0,-0.015661572387519602,0.1799735240638256,1.7985191841920216
6176768.0,2774.895856142044,23660.0,69.0,31.024999618530273,1.0,574.0,329.15,45.0,-0.015661572387519602,0.1799735240638256,1.7985191841920216
6193152.0,2782.200757741928,23711.0,69.0,28.475000381469727,4.0,575.0,314.5,82.0,-0.015661572387519602,0.1799735240638256,1.7985191841920216
6209536.0,2789.5023260116577,23747.0,66.0,32.525001525878906,6.0,571.0,356.125,97.0,-0.015661572387519602,0.1799735240638256,1.7985191841920216
6225920.0,2796.75661110878,23790.0,67.0,40.42499923706055,2.0,572.0,419.675,73.0,-0.015661572387519602,0.1799735240638256,1.7985191841920216
6242304.0,2804.0837771892548,23835.0,66.0,28.899999618530273,1.0,571.0,319.475,46.0,-0.015661572387519602,0.1799735240638256,1.7985191841920216
6258688.0,2811.3419137001038,23879.0,66.0,36.95000076293945,3.0,573.0,369.65,69.0,-0.015661572387519602,0.1799735240638256,1.7985191841920216
6275072.0,2818.634020090103,23922.0,82.0,42.974998474121094,4.0,574.0,417.575,110.0,-0.015661572387519602,0.1799735240638256,1.7985191841920216
6291456.0,2825.8979778289795,23967.0,77.0,35.0,0.0,567.0,353.2,52.0,-0.015661572387519602,0.1799735240638256,1.7985191841920216
6307840.0,2833.205387353897,24012.0,71.0,37.150001525878906,0.0,577.0,374.925,62.0,-0.015661572387519602,0.1799735240638256,1.7985191841920216
6324224.0,2840.471134185791,24052.0,77.0,39.04999923706055,3.0,570.0,390.65,62.0,-0.015661572387519602,0.1799735240638256,1.7985191841920216
6340608.0,2847.7602899074554,24103.0,71.0,36.474998474121094,8.0,576.0,398.825,95.0,-0.015661572387519602,0.1799735240638256,1.7985191841920216
6356992.0,2855.0218522548676,24145.0,69.0,27.674999237060547,7.0,575.0,289.9,86.0,-0.015661572387519602,0.1799735240638256,1.7985191841920216
6373376.0,2862.3284890651703,24193.0,78.0,38.79999923706055,3.0,575.0,387.8,65.0,-0.015661572387519602,0.1799735240638256,1.7985191841920216
6389760.0,2869.6042919158936,24229.0,78.0,38.32500076293945,3.0,574.0,374.25,66.0,-0.015661572387519602,0.1799735240638256,1.7985191841920216
6406144.0,2876.8986959457397,24280.0,66.0,38.0,4.0,574.0,395.475,95.0,-0.015661572387519602,0.1799735240638256,1.7985191841920216
6422528.0,2884.170165538788,24324.0,74.0,38.67499923706055,5.0,577.0,381.925,108.0,-0.015661572387519602,0.1799735240638256,1.7985191841920216
6438912.0,2891.472004175186,24361.0,79.0,38.025001525878906,4.0,575.0,370.775,77.0,-0.015661572387519602,0.1799735240638256,1.7985191841920216
6455296.0,2898.769151210785,24405.0,71.0,36.150001525878906,3.0,576.0,373.475,81.0,-0.015661572387519602,0.1799735240638256,1.7985191841920216
6471680.0,2906.044178247452,24454.0,66.0,32.599998474121094,2.0,577.0,346.575,57.0,-0.015661572387519602,0.1799735240638256,1.7985191841920216
6488064.0,2913.3349058628082,24494.0,69.0,34.974998474121094,1.0,577.0,367.85,66.0,-0.015661572387519602,0.1799735240638256,1.7985191841920216
6504448.0,2920.6117255687714,24538.0,74.0,38.525001525878906,4.0,576.0,377.275,68.0,-0.015661572387519602,0.1799735240638256,1.7985191841920216
6520832.0,2927.903941631317,24582.0,71.0,42.125,3.0,574.0,412.025,75.0,-0.015661572387519602,0.1799735240638256,1.7985191841920216
6537216.0,2935.168013572693,24624.0,70.0,30.225000381469727,1.0,569.0,326.15,85.0,-0.015661572387519602,0.1799735240638256,1.7985191841920216
6553600.0,2942.4760880470276,24672.0,79.0,41.650001525878906,4.0,572.0,395.1,87.0,-0.015661572387519602,0.1799735240638256,1.7985191841920216
6569984.0,2949.7664659023285,24712.0,71.0,35.875,3.0,574.0,371.15,88.0,-0.015661572387519602,0.1799735240638256,1.7985191841920216
6586368.0,2957.0743968486786,24751.0,75.0,39.849998474121094,9.0,568.0,407.225,131.0,-0.015661572387519602,0.1799735240638256,1.7985191841920216
6602752.0,2964.3636498451233,24793.0,72.0,35.875,1.0,575.0,366.7,46.0,-0.015661572387519602,0.1799735240638256,1.7985191841920216
6619136.0,2971.676935195923,24831.0,74.0,44.32500076293945,3.0,570.0,435.5,56.0,-0.015661572387519602,0.1799735240638256,1.7985191841920216
6635520.0,2978.9521050453186,24886.0,73.0,33.54999923706055,3.0,575.0,345.975,66.0,-0.015661572387519602,0.1799735240638256,1.7985191841920216
6651904.0,2986.321929216385,24931.0,70.0,32.099998474121094,4.0,571.0,342.05,61.0,-0.015661572387519602,0.1799735240638256,1.7985191841920216
6668288.0,2993.5814969539642,24975.0,81.0,37.599998474121094,1.0,568.0,376.95,90.0,-0.015661572387519602,0.1799735240638256,1.7985191841920216
6684672.0,3000.87562417984,25021.0,73.0,32.82500076293945,2.0,572.0,355.025,86.0,-0.015661572387519602,0.1799735240638256,1.7985191841920216
6701056.0,3008.138783931732,25064.0,75.0,37.974998474121094,0.0,574.0,394.225,39.0,-0.015661572387519602,0.1799735240638256,1.7985191841920216
6717440.0,3015.4858248233795,25103.0,78.0,41.875,3.0,570.0,412.275,95.0,-0.015661572387519602,0.1799735240638256,1.7985191841920216
6733824.0,3022.7551095485687,25151.0,75.0,37.57500076293945,3.0,570.0,371.725,81.0,-0.015661572387519602,0.1799735240638256,1.7985191841920216
6750208.0,3030.0634496212006,25184.0,66.0,34.95000076293945,3.0,576.0,365.525,84.0,-0.015661572387519602,0.1799735240638256,1.7985191841920216
6766592.0,3037.373818397522,25233.0,71.0,43.125,3.0,575.0,430.8,81.0,-0.015661572387519602,0.1799735240638256,1.7985191841920216
6782976.0,3044.6751461029053,25276.0,73.0,36.525001525878906,5.0,574.0,370.45,105.0,-0.015661572387519602,0.1799735240638256,1.7985191841920216
6799360.0,3051.9869594573975,25316.0,78.0,41.20000076293945,2.0,574.0,404.375,73.0,-0.015661572387519602,0.1799735240638256,1.7985191841920216
6815744.0,3059.3003532886505,25355.0,71.0,39.875,3.0,576.0,416.975,83.0,-0.015661572387519602,0.1799735240638256,1.7985191841920216
6832128.0,3066.566644668579,25391.0,65.0,38.82500076293945,1.0,568.0,408.95,31.0,-0.015661572387519602,0.1799735240638256,1.7985191841920216
6848512.0,3073.907066822052,25430.0,74.0,46.42499923706055,3.0,575.0,451.625,67.0,-0.015661572387519602,0.1799735240638256,1.7985191841920216
6864896.0,3081.207444667816,25476.0,74.0,37.0,2.0,575.0,376.05,82.0,-0.015661572387519602,0.1799735240638256,1.7985191841920216
6881280.0,3088.4756560325623,25517.0,73.0,37.07500076293945,9.0,575.0,378.6,137.0,-0.015661572387519602,0.1799735240638256,1.7985191841920216
6897664.0,3095.770083665848,25563.0,79.0,41.67499923706055,7.0,574.0,415.65,73.0,-0.015661572387519602,0.1799735240638256,1.7985191841920216
6914048.0,3103.0979385375977,25598.0,67.0,33.375,4.0,571.0,356.375,73.0,-0.015661572387519602,0.1799735240638256,1.7985191841920216
6930432.0,3110.3856434822083,25635.0,72.0,43.875,5.0,570.0,435.55,127.0,-0.015661572387519602,0.1799735240638256,1.7985191841920216
6946816.0,3117.648422718048,25690.0,71.0,38.07500076293945,5.0,574.0,379.075,86.0,-0.015661572387519602,0.1799735240638256,1.7985191841920216
6963200.0,3124.957781791687,25725.0,72.0,36.0,4.0,572.0,369.375,73.0,-0.015661572387519602,0.1799735240638256,1.7985191841920216
6979584.0,3132.2358491420746,25767.0,75.0,40.07500076293945,2.0,569.0,405.7,56.0,-0.015661572387519602,0.1799735240638256,1.7985191841920216
6995968.0,3139.5827617645264,25808.0,72.0,37.42499923706055,4.0,572.0,385.65,68.0,-0.015661572387519602,0.1799735240638256,1.7985191841920216
7012352.0,3146.839408159256,25851.0,69.0,37.775001525878906,1.0,571.0,380.575,67.0,-0.015661572387519602,0.1799735240638256,1.7985191841920216
7028736.0,3154.1344153881073,25898.0,77.0,36.95000076293945,5.0,570.0,378.675,75.0,-0.015661572387519602,0.1799735240638256,1.7985191841920216
7045120.0,3161.4391980171204,25929.0,75.0,39.79999923706055,2.0,570.0,395.8,83.0,-0.015661572387519602,0.1799735240638256,1.7985191841920216
7061504.0,3168.722348213196,25972.0,71.0,40.42499923706055,1.0,569.0,407.125,76.0,-0.015661572387519602,0.1799735240638256,1.7985191841920216
7077888.0,3175.999137878418,26008.0,68.0,45.95000076293945,3.0,570.0,450.025,53.0,-0.015661572387519602,0.1799735240638256,1.7985191841920216
7094272.0,3183.2939689159393,26047.0,72.0,40.625,7.0,572.0,418.675,118.0,-0.015661572387519602,0.1799735240638256,1.7985191841920216
7110656.0,3190.5655765533447,26088.0,76.0,42.45000076293945,6.0,570.0,424.875,110.0,-0.015661572387519602,0.1799735240638256,1.7985191841920216
7127040.0,3197.8749816417694,26138.0,70.0,39.79999923706055,3.0,568.0,398.675,60.0,-0.015661572387519602,0.1799735240638256,1.7985191841920216
7143424.0,3205.1496970653534,26179.0,76.0,31.825000762939453,5.0,570.0,329.95,89.0,-0.015661572387519602,0.1799735240638256,1.7985191841920216
7159808.0,3212.439157962799,26227.0,70.0,35.54999923706055,4.0,570.0,376.6,60.0,-0.015661572387519602,0.1799735240638256,1.7985191841920216
7176192.0,3219.7107100486755,26262.0,65.0,36.0,3.0,573.0,373.6,66.0,-0.015661572387519602,0.1799735240638256,1.7985191841920216
7192576.0,3227.004111289978,26307.0,71.0,40.32500076293945,3.0,571.0,412.525,47.0,-0.015661572387519602,0.1799735240638256,1.7985191841920216
7208960.0,3234.2876608371735,26345.0,70.0,39.92499923706055,1.0,575.0,393.55,47.0,-0.015661572387519602,0.1799735240638256,1.7985191841920216
7225344.0,3241.5812289714813,26386.0,74.0,43.20000076293945,4.0,574.0,422.9,115.0,-0.015661572387519602,0.1799735240638256,1.7985191841920216
7241728.0,3248.8558785915375,26427.0,77.0,42.275001525878906,1.0,573.0,424.075,75.0,-0.015661572387519602,0.1799735240638256,1.7985191841920216
7258112.0,3256.1707425117493,26469.0,68.0,36.07500076293945,2.0,574.0,373.85,57.0,-0.015661572387519602,0.1799735240638256,1.7985191841920216
7274496.0,3263.480206012726,26501.0,73.0,38.25,5.0,573.0,392.45,86.0,-0.015661572387519602,0.1799735240638256,1.7985191841920216
7290880.0,3270.780680656433,26546.0,75.0,43.349998474121094,10.0,574.0,436.0,167.0,-0.015661572387519602,0.1799735240638256,1.7985191841920216
7307264.0,3278.0679619312286,26580.0,65.0,38.650001525878906,6.0,576.0,401.5,94.0,-0.015661572387519602,0.1799735240638256,1.7985191841920216
7323648.0,3285.329729318619,26623.0,72.0,43.400001525878906,2.0,577.0,433.45,72.0,-0.015661572387519602,0.1799735240638256,1.7985191841920216
7340032.0,3292.684280395508,26659.0,71.0,36.20000076293945,4.0,576.0,389.55,50.0,-0.015661572387519602,0.1799735240638256,1.7985191841920216
7356416.0,3299.939164876938,26705.0,79.0,43.29999923706055,2.0,574.0,420.225,62.0,-0.015661572387519602,0.1799735240638256,1.7985191841920216
7372800.0,3307.217880964279,26737.0,71.0,41.849998474121094,4.0,574.0,418.975,86.0,-0.015661572387519602,0.1799735240638256,1.7985191841920216
7389184.0,3314.4671807289124,26776.0,71.0,42.650001525878906,12.0,574.0,439.7,136.0,-0.015661572387519602,0.1799735240638256,1.7985191841920216
7405568.0,3321.74937582016,26818.0,69.0,40.57500076293945,7.0,572.0,419.025,126.0,-0.015661572387519602,0.1799735240638256,1.7985191841920216
7421952.0,3329.051976442337,26855.0,82.0,36.70000076293945,5.0,576.0,377.85,58.0,-0.015661572387519602,0.1799735240638256,1.7985191841920216
7438336.0,3336.339103460312,26900.0,67.0,41.0,7.0,575.0,420.925,95.0,-0.015661572387519602,0.1799735240638256,1.7985191841920216
7454720.0,3343.615707397461,26941.0,71.0,35.29999923706055,6.0,572.0,369.4,111.0,-0.015661572387519602,0.1799735240638256,1.7985191841920216
7471104.0,3350.914153814316,26973.0,71.0,42.75,10.0,575.0,436.075,122.0,-0.015661572387519602,0.1799735240638256,1.7985191841920216
7487488.0,3358.2156989574432,27014.0,74.0,42.42499923706055,6.0,572.0,439.075,96.0,-0.015661572387519602,0.1799735240638256,1.7985191841920216
7503872.0,3365.516050338745,27049.0,71.0,37.75,5.0,569.0,397.6,91.0,-0.015661572387519602,0.1799735240638256,1.7985191841920216
7520256.0,3372.766970872879,27088.0,79.0,47.0,4.0,571.0,470.475,76.0,-0.015661572387519602,0.1799735240638256,1.7985191841920216
7536640.0,3380.095155954361,27127.0,70.0,41.974998474121094,4.0,572.0,430.575,71.0,-0.015661572387519602,0.1799735240638256,1.7985191841920216
7553024.0,3387.348931789398,27166.0,74.0,37.45000076293945,2.0,570.0,390.425,38.0,-0.015661572387519602,0.1799735240638256,1.7985191841920216
7569408.0,3394.648716211319,27206.0,78.0,42.349998474121094,4.0,567.0,414.65,82.0,-0.015661572387519602,0.1799735240638256,1.7985191841920216
7585792.0,3401.966308116913,27248.0,74.0,37.29999923706055,9.0,571.0,394.6,97.0,-0.015661572387519602,0.1799735240638256,1.7985191841920216
7602176.0,3409.3034715652466,27287.0,67.0,40.125,2.0,569.0,412.4,59.0,-0.015661572387519602,0.1799735240638256,1.7985191841920216
7618560.0,3416.5495817661285,27326.0,75.0,46.07500076293945,3.0,574.0,443.475,70.0,-0.015661572387519602,0.1799735240638256,1.7985191841920216
7634944.0,3423.8510177135468,27365.0,71.0,41.32500076293945,1.0,571.0,405.025,47.0,-0.015661572387519602,0.1799735240638256,1.7985191841920216
7651328.0,3431.113949775696,27400.0,73.0,43.29999923706055,2.0,574.0,433.7,48.0,-0.015661572387519602,0.1799735240638256,1.7985191841920216
7667712.0,3438.4071702957153,27443.0,73.0,43.5,7.0,572.0,435.8,141.0,-0.015661572387519602,0.1799735240638256,1.7985191841920216
7684096.0,3445.6916246414185,27475.0,80.0,45.54999923706055,2.0,575.0,444.55,61.0,-0.015661572387519602,0.1799735240638256,1.7985191841920216
7700480.0,3453.027753829956,27511.0,69.0,48.79999923706055,3.0,575.0,485.15,99.0,-0.015661572387519602,0.1799735240638256,1.7985191841920216
7716864.0,3460.3305032253265,27548.0,73.0,44.275001525878906,4.0,572.0,427.625,96.0,-0.015661572387519602,0.1799735240638256,1.7985191841920216
7733248.0,3467.615639925003,27584.0,72.0,44.474998474121094,5.0,565.0,443.275,92.0,-0.015661572387519602,0.1799735240638256,1.7985191841920216
7749632.0,3474.8935854434967,27620.0,73.0,48.625,6.0,573.0,475.975,80.0,-0.015661572387519602,0.1799735240638256,1.7985191841920216
7766016.0,3482.1393613815308,27659.0,73.0,43.849998474121094,4.0,568.0,433.25,83.0,-0.015661572387519602,0.1799735240638256,1.7985191841920216
7782400.0,3489.4618878364563,27697.0,71.0,43.20000076293945,3.0,570.0,427.675,83.0,-0.015661572387519602,0.1799735240638256,1.7985191841920216
7798784.0,3496.7176122665405,27728.0,74.0,48.20000076293945,12.0,575.0,473.075,211.0,-0.015661572387519602,0.1799735240638256,1.7985191841920216
7815168.0,3504.0030176639557,27769.0,74.0,47.224998474121094,1.0,573.0,456.775,61.0,-0.015661572387519602,0.1799735240638256,1.7985191841920216
7831552.0,3511.2954366207123,27800.0,76.0,50.42499923706055,6.0,573.0,468.525,61.0,-0.015661572387519602,0.1799735240638256,1.7985191841920216
7847936.0,3518.5860180854797,27840.0,70.0,42.875,4.0,575.0,430.725,90.0,-0.015661572387519602,0.1799735240638256,1.7985191841920216
7864320.0,3525.8830473423004,27880.0,77.0,42.25,5.0,567.0,411.0,109.0,-0.015661572387519602,0.1799735240638256,1.7985191841920216
7880704.0,3533.1643567085266,27915.0,77.0,42.275001525878906,5.0,568.0,414.425,98.0,-0.015661572387519602,0.1799735240638256,1.7985191841920216
7897088.0,3540.428370475769,27950.0,73.0,50.70000076293945,5.0,570.0,490.325,92.0,-0.015661572387519602,0.1799735240638256,1.7985191841920216
7913472.0,3547.72682261467,27990.0,76.0,46.224998474121094,0.0,569.0,452.6,46.0,-0.015661572387519602,0.1799735240638256,1.7985191841920216
7929856.0,3554.9813804626465,28023.0,76.0,45.099998474121094,5.0,571.0,439.375,83.0,-0.015661572387519602,0.1799735240638256,1.7985191841920216
7946240.0,3562.290515899658,28057.0,71.0,46.45000076293945,6.0,572.0,462.125,77.0,-0.015661572387519602,0.1799735240638256,1.7985191841920216
7962624.0,3569.580288171768,28103.0,71.0,46.875,2.0,571.0,461.05,79.0,-0.015661572387519602,0.1799735240638256,1.7985191841920216
7979008.0,3576.8609092235565,28131.0,78.0,40.20000076293945,2.0,569.0,390.3,79.0,-0.015661572387519602,0.1799735240638256,1.7985191841920216
7995392.0,3584.1090767383575,28178.0,69.0,44.525001525878906,4.0,572.0,455.225,96.0,-0.015661572387519602,0.1799735240638256,1.7985191841920216
8011776.0,3591.392258644104,28212.0,68.0,41.974998474121094,4.0,575.0,421.975,83.0,-0.015661572387519602,0.1799735240638256,1.7985191841920216
8028160.0,3598.640631198883,28253.0,69.0,42.125,3.0,575.0,415.725,72.0,-0.015661572387519602,0.1799735240638256,1.7985191841920216
8044544.0,3605.936511516571,28298.0,74.0,43.125,2.0,571.0,425.3,84.0,-0.015661572387519602,0.1799735240638256,1.7985191841920216
8060928.0,3613.1900024414062,28332.0,76.0,39.70000076293945,6.0,574.0,391.05,78.0,-0.015661572387519602,0.1799735240638256,1.7985191841920216
8077312.0,3620.476464509964,28371.0,78.0,46.849998474121094,2.0,573.0,443.4,49.0,-0.015661572387519602,0.1799735240638256,1.7985191841920216
8093696.0,3627.7272765636444,28408.0,71.0,45.20000076293945,9.0,575.0,433.35,109.0,-0.015661572387519602,0.1799735240638256,1.7985191841920216
8110080.0,3635.007474899292,28446.0,77.0,45.375,4.0,573.0,429.15,70.0,-0.015661572387519602,0.1799735240638256,1.7985191841920216
8126464.0,3642.266549348831,28484.0,74.0,46.349998474121094,9.0,575.0,450.675,127.0,-0.015661572387519602,0.1799735240638256,1.7985191841920216
